Subject,Description,Status,Progress,SubmitDate,SubmitBy,Owner
test12,my test12,Fixed,0,2014/1/4,John Stanley,Steve Wu
Test11,My test 11,Fixed,50,2014/1/3,John Stanley,Steve Wu
Test11,My test 11,Fixed,50,2014/1/3,John Stanley,Steve Wu
Test11,My test 11,Fixed,80,2014/1/3,John Stanley,Steve Wu
Test22,My test 1,Fixed,55,2014/2/3,John Stanley,Steve Wu
Test19,My test 19,Closed,100,2014/2/3,John Stanley,Steve Wu
Test22,My test 1,Fixed,35,2014/2/3,John Stanley,Steve Wu
Test22,My test 1,Fixed,55,2014/2/3,John Stanley,Steve Wu
Test1,My test 1,Closed,100,2014/2/3,John Stanley,Steve Wu
Test21,My test 19,Closed,100,2014/5/3,John Stanley,Steve Wu
Test24,My test 19,Closed,100,2014/5/22,John Stanley,Steve Wu
Test24,My test 19,Closed,100,2014/5/22,John Stanley,Steve Wu
Test11,My test 1,Open,0,2014/6/3,John Stanley,Steve Wu
Test11,My test 1,Open,0,2014/6/3,John Stanley,Steve Wu
Test12,My test 1,Fixed,0,2014/6/7,John Stanley,Steve Wu
Test13,My test 1,Closed,100,2014/6/10,John Stanley,Steve Wu
Test14,My test 1,Closed,100,2014/6/13,John Stanley,Steve Wu
Test15,My test 1,Closed,100,2014/6/18,John Stanley,Steve Wu
Test16,My test 1,Closed,100,2014/6/23,John Stanley,Steve Wu
